TWA/TWS;0;2;4;6;8;10;12;14;16;18;20;22;24;26;28;30;32;34;36;38;40;45;50;55;60
0;0;0;0;0;0;0;0;0;0;0;0;0;0;0;0;0;0;0;0;0;0;0;0;0;0
1;0;0.03476714;0.078667166;0.140591399;0.218069382;0.260699752;0.280756546;0.299645778;0.319630304;0.331821336;0.336468949;0.340345932;0.345509628;0.350507679;0.354277466;0.357172524;0.359190974;0.360822451;0.362196732;0.358546283;0.351934492;0;0;0;0
2;0;0.0695985;0.157424044;0.281220479;0.436042577;0.521221681;0.561291182;0.59902736;0.63895167;0.663307593;0.672596257;0.680349004;0.690674998;0.700669841;0.708208565;0.713997944;0.718034405;0.721296931;0.724045129;0.716747747;0.703530517;0;0;0;0
3;0;0.104558299;0.236360344;0.421924922;0.6538234;0.781387962;0.841381997;0.897880553;0.957655161;0.994123693;1.008040283;1.019666358;1.035151851;1.050140968;1.061446928;1.070129155;1.076182753;1.081075467;1.085196855;1.074259572;1.054449611;0;0;0;0
4;0;0.139710758;0.315565777;0.562742408;0.871315665;1.041020771;1.120807081;1.19594116;1.27543184;1.323934557;1.342459386;1.357955133;1.378595929;1.398575542;1.413646189;1.425219052;1.433288474;1.43981009;1.445303575;1.430736938;1.404353307;0;0;0;0
5;0;0.175120096;0.395130056;0.703710619;1.088423185;1.299942286;1.399344525;1.492944986;1.591972769;1.652405108;1.675511925;1.694872471;1.720662974;1.745628046;1.76445998;1.77892053;1.789004028;1.797152827;1.804016953;1.785835026;1.75290314;0.350634523;0;0;0
6;0;0.210850532;0.47514289;0.844867235;1.305049774;1.557974683;1.676772417;1.788627837;1.906969011;1.979200266;2.00685626;2.030075511;2.061008727;2.090952963;2.113541933;2.130886486;2.142981872;2.152755707;2.160988654;2.139209016;2.099760643;0.7009309;0;0;0
7;0;0.246966288;0.555693992;0.986249939;1.521099246;1.814940136;1.952868848;2.082725517;2.220111629;2.303984953;2.336150748;2.363221395;2.39928893;2.434204775;2.46054568;2.480769814;2.494874463;2.506270758;2.515870343;2.490514088;2.44458735;1.050550984;0;0;0
8;0;0.283531582;0.636873072;1.127896411;1.736475414;2.070660824;2.227411907;2.374973831;2.531091684;2.62642409;2.66305375;2.693967263;2.735159324;2.775037965;2.805124855;2.828223409;2.844334261;2.85735001;2.868313684;2.839405424;2.787044797;1.399156629;0;0;0
9;0;0.320610634;0.718769842;1.269844332;1.951082094;2.324958922;2.500179684;2.665108584;2.83960024;2.946182599;2.987223623;3.021970255;3.068275652;3.113107014;3.146933089;3.172900168;3.191013723;3.20564549;3.217970342;3.185538203;3.126794516;1.746409688;0;0;0
10;0;0.358267665;0.801474012;1.412131384;2.164823098;2.577656607;2.770950269;2.952865581;3.145328359;3.262925402;3.308318728;3.346887512;3.398293655;3.448066407;3.485624016;3.514452986;3.534565307;3.550809227;3.564491981;3.528567607;3.463498042;2.091972016;0.349088727;0;0
11;0;0.396566893;0.885075295;1.554795247;2.37760224;2.828576054;3.039501751;3.237980627;3.447967103;3.576317419;3.625997423;3.668376175;3.724869074;3.779570624;3.820851266;3.852534758;3.874641471;3.892493251;3.907530266;3.868148814;3.796816909;2.435505466;0.697839688;0;0
12;0;0.435572539;0.969663401;1.697873603;2.589323334;3.07753944;3.305612221;3.520189526;3.747207536;3.886023573;3.939918068;3.986093384;4.047657651;4.107274149;4.152268474;4.186798379;4.210894672;4.230349589;4.246736862;4.203937007;4.126412651;2.776671892;1.045915113;0;0
13;0;0.475348822;1.055328042;1.841404133;2.799890194;3.324368942;3.569059768;3.799228084;4.042740719;4.191708785;4.24973902;4.299696279;4.366315128;4.430831464;4.479529271;4.516896745;4.54297737;4.56403027;4.581763433;4.535587364;4.451946802;3.115133147;1.392977236;0;0
14;0;0.515959962;1.142158928;1.985424518;3.009206634;3.568886735;3.829622481;4.074832105;4.334257716;4.493037976;4.55511864;4.608842002;4.680497247;4.749897052;4.80228729;4.842482751;4.870542022;4.893187323;4.912261643;4.862755068;4.773080897;3.450551085;1.73868829;0;0
15;0;0.55747018;1.230245771;2.12997244;3.217176467;3.810914996;4.087078452;4.346737395;4.621449589;4.789676068;4.855715286;4.913187693;4.989859749;5.064125395;5.120196164;5.163209293;5.193241086;5.217472776;5.237883158;5.185095298;5.089476469;3.782587559;2.082710507;0.347052636;0
16;0;0.599943694;1.319678283;2.275085579;3.423703508;4.050275901;4.341205768;4.614679757;4.9040074;5.081287983;5.151187318;5.212390492;5.294058375;5.373170976;5.432909524;5.478729265;5.51072702;5.536538658;5.558279642;5.502263234;5.400795052;4.110904424;2.424706119;0.693768003;0
17;0;0.643444725;1.410546174;2.420801617;3.62869157;4.286791626;4.591782521;4.878394998;5.181622212;5.367538641;5.441193093;5.50610754;5.592748868;5.676688276;5.740081003;5.788695565;5.822652283;5.850036997;5.87310276;5.813914057;5.706698182;4.435163533;2.76433736;1.039808829;0
18;0;0.688037492;1.502939155;2.567158234;3.832044467;4.520284348;4.838586799;5.137618921;5.453985087;5.648092964;5.725390973;5.793995977;5.885586969;5.97433178;6.041364234;6.092761086;6.128669331;6.157619822;6.182004175;6.119702948;6.00684739;4.75502674;3.101266462;1.384837845;0
19;0;0.733786216;1.596946938;2.714193113;4.033666013;4.750576243;5.081396693;5.392087333;5.720787089;5.922615874;6.003439314;6.075712945;6.17222842;6.265755969;6.336412849;6.390578724;6.428430623;6.458939162;6.484635554;6.419285087;6.300904213;5.070155897;3.435155658;1.728517782;0
20;0;0.780755115;1.692659234;2.861943934;4.233460021;4.977489487;5.319990292;5.641536036;5.981719279;6.190772293;6.274996477;6.350915583;6.452328962;6.550615325;6.62488048;6.681801375;6.721588618;6.753647046;6.78064856;6.712315654;6.588530184;5.38021286;3.765667179;2.070511369;0.34428178
21;0;0.82900841;1.790165755;3.010448378;4.431330306;5.200846257;5.554145687;5.885700838;6.236472721;6.452227141;6.53972082;6.619261033;6.725544337;6.828564332;6.906420761;6.966081935;7.007795772;7.041395501;7.069694857;6.99844983;6.869386836;5.684859482;4.09246326;2.410481336;0.688226966
22;0;0.87861032;1.88955621;3.159744126;4.627180682;5.420468728;5.783640966;6.124317541;6.484738476;6.706645341;6.797270703;6.880406434;6.991530287;7.099257471;7.180687323;7.243073297;7.286704545;7.321836556;7.351426112;7.277342796;7.143135705;5.983757616;4.415206132;2.748090413;1.031498961
23;0;0.929625066;1.990920313;3.309868861;4.820914961;5.636179077;6.00825422;6.357121952;6.726207607;6.953691813;7.047304484;7.134008927;7.249942554;7.362349226;7.447333798;7.512428359;7.557967393;7.594622241;7.625493987;7.548649731;7.409438324;6.276569116;4.733558028;3.08300133;1.373761172
24;0;0.982116867;2.094347773;3.460860262;5.012436959;5.847799481;6.227763538;6.583849875;6.960571178;7.19303148;7.289480523;7.379725654;7.500436878;7.617494078;7.70601382;7.773800015;7.821236776;7.859404583;7.891550148;7.812025816;7.667956227;6.562955835;5.047181181;3.414876818;1.714677002
25;0;1.036149943;2.199928302;3.612756011;5.201650488;6.055152115;6.44194701;6.804237115;7.18752025;7.424329262;7.523457178;7.617213753;7.742669002;7.864346511;7.956381021;8.02684116;8.076165151;8.115835611;8.149246259;8.067126232;7.918350949;6.842579628;5.355737823;3.743379606;2.053909857
26;0;1.091788513;2.307751612;3.765593789;5.388459363;6.258059156;6.650582727;7.018019477;7.406745886;7.647250082;7.748892809;7.846130367;7.976294667;8.102561006;8.198089033;8.271204691;8.322404976;8.363567354;8.398233986;8.313606159;8.160284023;7.115102348;5.658890187;4.068172425;2.391123141
27;0;1.149096798;2.417907412;3.919411278;5.572767398;6.45634278;6.853448776;7.224932765;7.617939149;7.86145886;7.965445774;8.066132635;8.200969616;8.331792047;8.430791489;8.506543502;8.559608709;8.60225184;8.638164992;8.551120777;8.393416984;7.380185848;5.956300506;4.388918004;2.725980261
28;0;1.208139017;2.530485416;4.074246158;5.754478405;6.649825164;7.05032325;7.424712785;7.820791101;8.066620519;8.172774433;8.276877699;8.416349589;8.551694116;8.654142021;8.732510489;8.787428808;8.831541099;8.868690942;8.779325267;8.617411365;7.637491983;6.247631012;4.705279073;3.05814462
29;0;1.26897939;2.645575333;4.23013611;5.9334962;6.838328483;7.240984236;7.617095342;8.014992804;8.262399979;8.370537144;8.478022698;8.622090328;8.761921695;8.867794262;8.948758547;9.005517731;9.051087158;9.0894635;8.99787481;8.831928701;7.886682606;6.532543938;5.016918363;3.387279624
30;0;1.331682136;2.763266876;4.387118817;6.109724596;7.021674914;7.425209825;7.80181624;8.200235322;8.448462163;8.558392267;8.669224773;8.817847575;8.962129267;9.071401843;9.154940572;9.213527936;9.260542046;9.300134333;9.206424585;9.036630526;8.12741957;6.810701516;5.323498603;3.713048677
31;0;1.396311477;2.883649755;4.545231958;6.283067407;7.199686633;7.602778107;7.978611284;8.376209717;8.624471991;8.735998161;8.850141065;9.003277072;9.151971314;9.264618398;9.350709459;9.411111882;9.459557791;9.500355103;9.404629774;9.231178375;8.35936473;7.081765979;5.624682524;4.035115185
32;0;1.46293163;3.006813681;4.704513216;6.453428446;7.372185817;7.773467171;8.147216279;8.542607051;8.790094385;8.903013184;9.020428714;9.17803456;9.331102319;9.447097559;9.535718104;9.597922026;9.647786423;9.689777475;9.592145556;9.41523378;8.582179938;7.34539956;5.920132855;4.353142553
33;0;1.531606817;3.132848366;4.865000271;6.620711528;7.538994642;7.937055108;8.30736703;8.699118387;8.944994267;9.059095696;9.179744862;9.341775781;9.499176764;9.618492958;9.709619401;9.773610825;9.82487997;9.868053115;9.768627112;9.588458276;8.79552705;7.601264492;6.209512327;4.666794185
34;0;1.602401257;3.261843521;5.026730805;6.784820466;7.699935283;8.093320006;8.458799342;8.845434787;9.088836558;9.203904055;9.327746647;9.494156476;9.655849133;9.778458228;9.872066247;9.937830739;9.990490461;10.03483369;9.933729623;9.750513398;8.999067917;7.849023006;6.49248367;4.975733486
35;0;1.675379169;3.393888857;5.189742498;6.945659074;7.854829918;8.242039956;8.60124902;8.981247315;9.22128618;9.337096621;9.464091212;9.634832387;9.800773906;9.926647002;10.02271154;10.09023423;10.14426992;10.18977085;10.08710827;9.901060679;9.192464395;8.088337336;6.768709613;5.279623862
36;0;1.750604774;3.529074086;5.354073032;7.103131166;8.003500723;8.382993047;8.734451868;9.106247032;9.342008053;9.458331753;9.588435696;9.763459257;9.933605568;10.06271291;10.16120816;10.23047374;10.28587039;10.33251628;10.22841823;10.03976165;9.375378336;8.318869714;7.037852887;5.578128718
37;0;1.828066349;3.667340212;5.519545347;7.25690407;8.14569151;8.515996337;8.858283218;9.220370752;9.451013362;9.567694079;9.700900649;9.880157606;10.05445193;10.18675579;10.28765399;10.3586496;10.41539763;10.46318272;10.35777116;10.16672588;9.547471595;8.540282373;7.299576222;5.870911457
38;0;1.907448399;3.808033418;5.685123422;7.405699172;8.280832642;8.64102275;8.973176508;9.324538287;9.549698329;9.666973299;9.803460251;9.986907074;10.16523413;10.30066031;10.40392672;10.47665353;10.53477246;10.58372724;10.47710457;10.28385497;9.708406024;8.752237545;7.553542348;6.157635486
39;0;1.988359489;3.950351181;5.849556492;7.548001373;8.408276117;8.75808418;9.0797047;9.419915203;9.639805442;9.758385385;9.898552092;10.08615208;10.26832662;10.40675731;10.51234901;10.58682513;10.64636942;10.69656802;10.58881245;10.39349859;9.857843478;8.954397463;7.799413994;6.43796421
40;0;2.070408182;4.093490976;6.011593796;7.682295572;8.527373935;8.867192519;9.178440759;9.507667062;9.723077186;9.844146308;9.98861376;10.18033705;10.36610387;10.50737768;10.61524354;10.69150396;10.75256307;10.80412321;10.69528881;10.49800639;9.995445811;9.14642436;8.036853891;6.711561032
41;0;2.153203041;4.236650281;6.16998457;7.807066671;8.637478094;8.96835966;9.269957648;9.588959429;9.801256047;9.926472036;10.07608285;10.27190641;10.46094035;10.60485226;10.71493297;10.79302963;10.85572796;10.90881097;10.79892761;10.599728;10.12131582;9.327980469;8.265524769;6.978089359
42;0;2.236182324;4.378828764;6.32353825;7.921320144;8.738259914;9.061762308;9.354889406;9.664903636;9.875872529;10.0071933;10.16291703;10.3628122;10.55474051;10.70106309;10.81330684;10.89332046;10.95782646;11.01264506;10.90172257;10.70062011;10.23732006;9.498728021;8.485089358;7.237212595
43;0;2.318103062;4.518234866;6.471305072;8.026143767;8.830668005;9.14823642;9.434114365;9.736394088;9.947609212;10.08659987;10.24915438;10.45303706;10.64752872;10.79609684;10.91052215;10.99260974;11.05917223;11.1160215;11.00406618;10.80106756;10.34576605;9.65832925;8.695210388;7.488594145
44;0;2.397551979;4.652879217;6.612395469;8.12314589;8.915970295;9.228782769;9.508571934;9.804270961;10.01693669;10.16459627;10.33435303;10.54207125;10.73885937;10.88959135;11.00630278;11.09070949;11.15966675;11.21893194;11.10595065;10.9010622;10.44896129;9.806446388;8.895550589;7.731897414
45;0;2.473115799;4.78077245;6.745919876;8.213934862;8.995434716;9.304402124;9.57920152;9.869374428;10.08432557;10.24108702;10.41807114;10.62940504;10.82828683;10.98118447;11.10037261;11.18743176;11.25921149;11.321368;11.20736818;11.0005959;10.54921329;9.942741667;9.085772691;7.966785807
46;0;2.543381248;4.899925198;6.870988727;8.300119035;9.070329197;9.376095256;9.646942531;9.932544665;10.15024644;10.31597665;10.49986686;10.71452868;10.91536547;11.07051403;11.1924555;11.28258858;11.35770794;11.4233213;11.30831099;11.09966053;10.64842901;10.06731258;9.265539424;8.192922729
47;0;2.607250101;5.008800986;6.986948375;8.383030124;9.141731101;9.444722338;9.712595483;9.994495448;10.21510685;10.38921003;10.5794064;10.79705971;10.99977078;11.15732553;11.2823657;11.37606212;11.45510558;11.52480837;11.40879581;11.19827213;10.74691325;10.18199765;9.434513518;8.409971585
48;0;2.664884335;5.107674919;7.094088845;8.462893309;9.209955521;9.510581143;9.776405321;10.05543497;10.27906215;10.46089337;10.65678826;10.87712473;11.08166271;11.24179511;11.37027895;11.46801517;11.55154597;11.62594534;11.50893743;11.29654355;10.84457028;10.28907067;9.592357703;8.617595781
49;0;2.716760978;5.197274992;7.192936081;8.539657133;9.275126981;9.573828848;9.838478097;10.11544504;10.34220465;10.53117322;10.732219;10.95497761;11.1613223;11.32420655;11.45646137;11.55868066;11.64721866;11.72687323;11.6088752;11.39461182;10.94130434;10.39080541;9.738734709;8.81545872
50;0;2.763357059;5.278329204;7.284016028;8.613270142;9.337370006;9.634622629;9.898919866;10.17460745;10.40462663;10.60019613;10.80590515;11.03087222;11.23903063;11.40484367;11.54117906;11.64829154;11.74231323;11.82773307;11.70874844;11.49261397;11.03701971;10.48947568;9.873307267;9.003223807
51;0;2.805149607;5.351565553;7.36785463;8.683680881;9.396809122;9.693119661;9.957836679;10.23300399;10.46642041;10.66810866;10.87805329;11.10506244;11.31506873;11.48399024;11.62469812;11.73708074;11.83701923;11.92866588;11.80869648;11.59068702;11.13166731;10.58694582;9.99617046;9.180554449
52;0;2.84261565;5.417712035;7.44497783;8.750837895;9.453568854;9.749477122;10.01533459;10.29071647;10.52767828;10.73505737;10.94886996;11.17780212;11.38971768;11.56193007;11.70728467;11.82528119;11.93152623;12.0298127;11.90885866;11.68896801;11.22538467;10.68344259;10.10914879;9.34711405
53;0;2.876232216;5.477496648;7.515911573;8.814689729;9.507773726;9.803852186;10.07151965;10.34782668;10.58849254;10.8011888;11.01856171;11.24934515;11.46325852;11.63894694;11.78920482;11.91312583;12.0260238;12.13131454;12.0093743;11.78759396;11.31835602;10.77878329;10.21449912;9.502566014
54;0;2.906476334;5.53164739;7.581181803;8.875184927;9.559548264;9.85640203;10.12649792;10.40441642;10.6489555;10.8666495;11.08733511;11.31994539;11.53597231;11.71532466;11.87072468;12.00084759;12.12070148;12.23331244;12.11038273;11.88670192;11.41076556;10.87278525;10.31447831;9.646573747
55;0;2.933825032;5.580892257;7.641314465;8.932272034;9.609016993;9.90728383;10.18037544;10.4605675;10.70915944;10.93158604;11.15539671;11.38985671;11.60814011;11.79134702;11.95211035;12.08867941;12.21574886;12.33594741;12.21202329;11.9864289;11.50279751;10.96526577;10.41134321;9.778800654
56;0;2.958755338;5.625959248;7.696835501;8.985899596;9.656304437;9.956654762;10.23325827;10.51636171;10.76919669;10.99614496;11.22295306;11.45933298;11.68004298;11.86729781;12.03362795;12.17685423;12.31135549;12.43936049;12.31443529;12.08691194;11.59463608;11.05611037;10.50692981;9.899343755
57;0;2.981744281;5.66757636;7.748270857;9.036016157;9.701535123;10.004672;10.28525247;10.57188084;10.82915952;11.06047281;11.29021072;11.52862808;11.75196197;11.94346082;12.11554359;12.26560497;12.40771093;12.5436927;12.41775808;12.18828807;11.68646548;11.14547724;10.60139069;10.01003453
58;0;3.003268889;5.706471591;7.796146476;9.082570262;9.744833574;10.05149272;10.33646408;10.6272067;10.88914025;11.12471616;11.35737624;11.59799587;11.82417815;12.02011985;12.19812337;12.35516458;12.50500476;12.64908507;12.52213099;12.29069432;11.77846991;11.23359277;10.69445754;10.11313809
59;0;3.023806191;5.743372937;7.840988303;9.125510456;9.786324316;10.09727411;10.38699916;10.68242109;10.94923118;11.18902154;11.42465617;11.66769023;11.89697255;12.0975587;12.2816334;12.445766;12.60342652;12.75567861;12.62769333;12.39426772;11.8708336;11.32068334;10.78586205;10.21091952
60;0;3.043833215;5.779008397;7.883322282;9.164785284;9.826131874;10.14217333;10.43696376;10.7376058;11.0095246;11.25353552;11.49225708;11.73796501;11.97062625;12.17606116;12.3663398;12.53764215;12.70316579;12.86361437;12.73458445;12.4991453;11.96374074;11.40697534;10.87533592;10.30564393
61;0;3.063730755;5.813965481;7.923593727;9.20040114;9.864368106;10.18631645;10.48644117;10.79281776;11.07008798;11.31837846;11.56035429;11.80903545;12.0453752;12.25586285;12.45246046;12.63098002;12.80436996;12.97299572;12.84290644;12.60542751;12.05737556;11.49269516;10.96269867;10.39914024
62;0;3.083494661;5.848269758;7.961925439;9.232595814;9.9010942;10.22970513;10.53542363;10.8480144;11.13088947;11.38356597;11.62899825;11.88096214;12.12127494;12.33700674;12.54002047;12.72578284;12.90701771;13.08377551;12.95261246;12.71306853;12.15192227;11.57806916;11.04812105;10.49149268
63;0;3.103024552;5.881806309;7.998359588;9.261664945;9.936358677;10.27230991;10.5838806;10.9031283;11.19187238;11.44908749;11.69820817;11.95376702;12.19833594;12.41948761;12.62899669;12.82200786;13.01104556;13.19586891;13.06361846;12.82198596;12.24756507;11.66332375;11.13186163;10.58234931
64;0;3.122220044;5.914460216;8.032938344;9.287904173;9.970210058;10.31410134;10.63178157;10.95809201;11.25298002;11.51493244;11.76800329;12.02747205;12.27656865;12.50330026;12.719366;12.91961234;13.11639003;13.30919114;13.17584036;12.93209739;12.34448817;11.7486853;11.21417898;10.6713582
65;0;3.140980754;5.946116561;8.065703879;9.311609136;10.00269686;10.35504996;10.67909601;11.01283811;11.3141557;11.58109024;11.83840281;12.10209917;12.3559835;12.58843949;12.81110527;13.01855357;13.22298763;13.42365738;13.2891941;13.04332042;12.44283481;11.8343802;11.29533167;10.75816738
66;0;3.159206298;5.976660426;8.096698362;9.333075475;10.03386762;10.39512632;10.72579337;11.06729916;11.37534273;11.64755034;11.90942595;12.17767032;12.43659097;12.67490007;12.90419138;13.11878879;13.33077488;13.53918283;13.40359561;13.15557265;12.54258427;11.92063483;11.37557827;10.84252956
67;0;3.176796294;6.005976892;8.125963964;9.352598828;10.06377084;10.43430095;10.77184315;11.12140771;11.43648444;11.71430215;11.98109195;12.25420746;12.51840149;12.76267682;12.99860119;13.22027528;13.4396883;13.65568269;13.51896082;13.26877168;12.64367486;12.00767558;11.45517735;10.92461589
68;0;3.193650358;6.033951042;8.153542856;9.370474834;10.09245505;10.47254441;10.81721481;11.17509635;11.49752412;11.7813351;12.05342001;12.33173252;12.60142552;12.8517645;13.09431157;13.32297031;13.54966439;13.77307214;13.63520567;13.3828351;12.7460449;12.09572883;11.53438748;11.00470216
69;0;3.209668107;6.060467957;8.179477208;9.386999133;10.11996877;10.50982725;10.86187782;11.22829762;11.55840509;11.84863862;12.12642937;12.41026747;12.68567351;12.94215793;13.1912994;13.42683113;13.66063969;13.89126639;13.75224609;13.49768051;12.84963269;12.18502096;11.61346723;11.08306415
70;0;3.224749158;6.085412719;8.203809192;9.402467364;10.14636051;10.54611999;10.90580165;11.28094411;11.61907067;11.91620213;12.20013923;12.48983423;12.77115591;13.03385189;13.28954156;13.53181502;13.77255069;14.01018063;13.86999802;13.61322551;12.95437653;12.27573371;11.69267516;11.15997766
71;0;3.238793128;6.108670409;8.226580976;9.417175166;10.17167881;10.5813932;10.94895579;11.33296837;11.67946415;11.98401508;12.27456882;12.57045476;12.85788318;13.12684116;13.38901491;13.63787923;13.88533393;14.12973006;13.98837739;13.7293877;13.06021475;12.3678702;11.77226985;11.23571847
72;0;3.251699634;6.13012611;8.247834733;9.431418179;10.19597219;10.61561741;10.99130969;11.38430296;11.73952887;12.05206688;12.34973737;12.65215101;12.94586577;13.22112056;13.48969632;13.74498105;13.99892591;14.24982986;14.10730014;13.84608468;13.16708563;12.46138888;11.85250987;11.31056237
73;0;3.263368293;6.149664904;8.267612633;9.445492042;10.21928916;10.64876318;11.03283283;11.43488046;11.79920812;12.12034696;12.42566408;12.73494492;13.03511412;13.31668486;13.59156266;13.85307772;14.11326315;14.37039524;14.22668218;13.96323404;13.27492751;12.55624825;11.93365379;11.38478515
74;0;3.27369872;6.167171871;8.285956845;9.459692394;10.24167824;10.68080103;11.07349469;11.48463342;11.85844523;12.18884475;12.50236819;12.81885844;13.12563869;13.41352885;13.69459082;13.96212653;14.22828217;14.49134138;14.34643947;14.08075338;13.38367867;12.65240675;12.01596017;11.45866258
75;0;3.282590534;6.182532095;8.302909541;9.474314873;10.26318796;10.71170153;11.11326473;11.53349442;11.91718349;12.25754967;12.57986891;12.90391351;13.21744992;13.51164734;13.79875766;14.07208472;14.34391948;14.6125835;14.46648794;14.1985603;13.49327744;12.74982286;12.09964075;11.53247047
76;0;3.289994233;6.195700462;8.318537659;9.489591477;10.28386685;10.7414571;11.15213298;11.58142616;11.97539218;12.32646001;12.65817732;12.99011233;13.31053295;13.61101042;13.90402114;14.18290032;14.46011455;14.73405324;14.58675988;14.3165884;13.60366212;12.84845504;12.18471989;11.6064846
77;0;3.296063846;6.206911079;8.333007204;9.505499624;10.30376352;10.77014777;11.19017164;11.62851192;12.03314436;12.39560941;12.737272;13.07737804;13.40477151;13.71148944;14.01026362;14.29448429;14.57681871;14.85574815;14.70725315;14.43483528;13.71477101;12.94826177;12.27117512;11.68098076
78;0;3.301004283;6.216467861;8.346508948;9.521953091;10.32292661;10.79787543;11.22747349;11.67486512;12.09053904;12.46504037;12.81712336;13.16561403;13.50002403;13.81293107;14.11734853;14.40673836;14.69398621;14.97768224;14.82798192;14.55331458;13.82654244;13.0492015;12.35898396;11.75623472
79;0;3.305020454;6.22467472;8.359233664;9.538865654;10.34140473;10.82474199;11.26413126;11.72059918;12.14767524;12.53479539;12.89770182;13.25472371;13.59614892;13.91518196;14.22513932;14.51956423;14.81157132;15.09986953;14.94896042;14.67203989;13.93891469;13.15123272;12.44812396;11.83252229
80;0;3.308317271;6.23183557;8.371372125;9.556151089;10.35924651;10.85084937;11.30023773;11.76582752;12.20465197;12.60491697;12.97897782;13.34461045;13.69300461;14.01808879;14.33349943;14.63286362;14.92952832;15.22232401;15.07020285;14.79102483;14.05182897;13.25431388;12.53857262;11.91007243
81;0;3.311099643;6.238254324;8.383115104;9.573723173;10.37650057;10.87629945;11.33588565;11.81066356;12.26156825;12.6754476;13.06092178;13.43517766;13.79044951;14.1214982;14.4422923;14.74653825;15.04781147;15.34505972;15.19172341;14.91028303;14.16523795;13.35840346;12.63030749;11.9889269
82;0;3.313572481;6.244234896;8.394653372;9.591495681;10.39321555;10.90119416;11.37116777;11.85522073;12.31852308;12.74642978;13.14350412;13.52632873;13.88834203;14.22525686;14.55138137;14.86048984;15.16637503;15.46809065;15.3135363;15.02982808;14.27909719;13.46345991;12.72330608;12.06908064
83;0;3.315940696;6.250081197;8.406177703;9.609382389;10.40944006;10.92563539;11.40617687;11.89961244;12.37561549;12.81790601;13.22669528;13.61796705;13.98654061;14.32921144;14.66063009;14.97462009;15.28517329;15.59143081;15.43565573;15.1496736;14.39336225;13.56944172;12.81754592;12.15052858
84;0;3.318409198;6.256097143;8.41787887;9.627297074;10.42522274;10.94972505;11.44100569;11.94395212;12.43294449;12.88991878;13.31046566;13.709996;14.08490365;14.43320859;14.76990189;15.08883073;15.4041605;15.71509422;15.55809591;15.26983322;14.5079887;13.67630734;12.91300455;12.23326566
85;0;3.321182898;6.262586645;8.429947644;9.645153512;10.44061221;10.97356506;11.47574699;11.98835318;12.49060909;12.96251061;13.39478571;13.80231899;14.18328957;14.53709498;14.87906022;15.20302347;15.52329093;15.83909489;15.68087104;15.39032053;14.62293208;13.78400625;13.00965948;12.31728682
86;0;3.324466706;6.269853618;8.442574799;9.66286548;10.45565709;10.9972573;11.51049354;12.03292906;12.54870831;13.03572397;13.47962585;13.89483941;14.2815568;14.64071726;14.98796851;15.31710003;15.64251886;15.96344683;15.80399533;15.51114917;14.73814797;13.89245192;13.10748825;12.40258701
87;0;3.328465533;6.278201974;8.455951107;9.680346752;10.47040601;11.0209037;11.54533809;12.07779316;12.60734116;13.10960137;13.56495649;13.98746064;14.37956375;14.74392211;15.09649022;15.43096212;15.76179855;16.08816405;15.92748297;15.63233273;14.85359192;14.00154884;13.20646839;12.48916115
88;0;3.333384288;6.287935627;8.470267341;9.697511105;10.4849076;11.04460615;11.5803734;12.12305891;12.66660666;13.18418531;13.65074807;14.08008608;14.47716883;14.84655617;15.20448877;15.54451146;15.88108428;16.21326056;16.05134817;15.75388484;14.9692195;14.11120148;13.30657741;12.57700419
89;0;3.339427884;6.299358489;8.485714273;9.714272317;10.49921048;11.06846656;11.61569222;12.16883973;12.72660382;13.25951829;13.73697102;14.17261913;14.57423046;14.94846612;15.31182762;15.65764976;16.0003303;16.33875037;16.17560515;15.87581911;15.08498625;14.22131433;13.40779286;12.66611106
90;0;3.34680123;6.312774475;8.502482676;9.730544161;10.51336327;11.09258684;11.65138733;12.21524904;12.78743165;13.3356428;13.82359575;14.26496318;14.67060708;15.04949862;15.41837021;15.77027874;16.11949088;16.46464749;16.3002681;15.99814915;15.20084774;14.33179186;13.51007388;12.75647672
91;0;3.355620735;6.328352264;8.520665064;9.746250079;10.52739178;11.11699004;11.68743422;12.26223632;12.84897807;13.41236735;13.91038362;14.35687081;14.76606224;15.14943349;15.52391511;15.88221774;16.23840736;16.59081588;16.42520247;16.12074276;15.31675954;14.44253856;13.61330615;12.84809608
92;0;3.365648804;6.345719603;8.539960922;9.761352161;10.54123044;11.14138373;11.72333943;12.30909523;12.9102866;13.48856447;13.99625968;14.44749142;14.85998016;15.24778327;15.62800149;15.99295657;16.35646922;16.71651924;16.54967869;16.24288453;15.43267719;14.5534589;13.71735699;12.9409641
93;0;3.376559339;6.364369006;8.559971474;9.77582216;10.55479085;11.16539667;11.75849225;12.35495552;12.97018964;13.56287271;14.07993992;14.53582359;14.95165023;15.34399365;15.73010366;16.10190267;16.47295304;16.84087123;16.67281845;16.36371321;15.54855626;14.66445737;13.82209371;13.03507572
94;0;3.388026243;6.383792985;8.580297945;9.789631833;10.56798464;11.18865757;11.79228196;12.3989469;13.02751961;13.63393061;14.16014031;14.62086592;15.0403618;15.43751034;15.82969592;16.20846349;16.58713536;16.9629855;16.79374342;16.48236758;15.66435232;14.77543844;13.92738362;13.13042586
95;0;3.399723419;6.403484055;8.600541562;9.802752931;10.5807234;11.21079518;11.82409786;12.4401991;13.08110893;13.70037672;14.23557684;14.701617;15.12540426;15.52777903;15.92625256;16.31204645;16.69829275;17.0819757;16.91157528;16.59798639;15.77991115;14.88630659;14.03309402;13.22698548
96;0;3.41132477;6.422934728;8.620303548;9.81515721;10.59291874;11.23143821;11.85332921;12.47784186;13.12979001;13.76084958;14.30496549;14.7770754;15.20606698;15.61424543;16.0192479;16.41205901;16.80570176;17.19695548;17.02543569;16.70970841;15.8946395;14.99696631;14.13909224;13.32462956
97;0;3.422504198;6.44163752;8.63918513;9.826816424;10.60448228;11.25021542;11.87936531;12.51100489;13.17239525;13.81398774;14.36702224;14.84623972;15.28163933;15.69635524;16.10815623;16.50790859;16.90863896;17.3070385;17.13444635;16.81667241;16.00783436;15.10732207;14.24524557;13.42320909
98;0;3.432935606;6.459084942;8.656787532;9.837702328;10.61532561;11.26675551;11.90159545;12.53881793;13.20775709;13.85842973;14.42046306;14.90810856;15.35141068;15.77355414;16.19245187;16.59900263;17.00638089;17.4113384;17.23772893;16.91801715;16.11879271;15.21727836;14.35142134;13.52257504
99;0;3.442292897;6.474769509;8.672711981;9.847786674;10.62536036;11.28068724;11.91940892;12.5604107;13.23470792;13.8928141;14.46400395;14.96168049;15.41467041;15.84528785;16.27160912;16.68474858;17.09820412;17.50896884;17.3344051;17.01288139;16.22681154;15.32673965;14.45748684;13.62257842
100;0;3.450249974;6.488183733;8.686559701;9.857041217;10.63449812;11.29163932;11.93219498;12.57491294;13.25208016;13.9157794;14.49636088;15.0059541;15.4707079;15.91100207;16.34510227;16.76455387;17.1833852;17.59904347;17.42359655;17.1004039;16.33118783;15.43553036;14.5633094;13.72307021
101;0;3.45648074;6.498820129;8.697931917;9.865437713;10.6426505;11.29924049;11.93934295;12.58145437;13.25870624;13.92596417;14.51624983;15.03992799;15.51881251;15.97014249;16.41240563;16.83782595;17.26120069;17.68067594;17.50442494;17.17972345;16.43121856;15.54315467;14.66875633;13.8239014
102;0;3.460659097;6.506171211;8.706429856;9.872947913;10.64972911;11.30311949;11.94024209;12.57916471;13.25341855;13.92200696;14.52238679;15.06260075;15.55827361;16.02215481;16.47299351;16.90397224;17.33092715;17.7529799;17.57601196;17.2499788;16.52620072;15.64903666;14.77369493;13.92492297
103;0;3.462458948;6.50972949;8.711654741;9.879543574;10.65564557;11.30290504;11.93428169;12.5671737;13.23504952;13.9025463;14.51348773;15.07297095;15.58838059;16.06648473;16.52634021;16.96240019;17.39184114;17.815069;17.63747929;17.31030871;16.61543129;15.75260045;14.87799251;14.02598592
104;0;3.461554196;6.508987482;8.7132078;9.885196449;10.66031147;11.29822587;11.92085105;12.54461107;13.20243156;13.86622075;14.48826864;15.0700372;15.60842282;16.10257796;16.57192003;17.01251724;17.44321921;17.8660569;17.68794859;17.35985196;16.69820726;15.85327015;14.98151638;14.12694123
105;0;3.457618744;6.503437699;8.710690256;9.889878292;10.66363843;11.28871073;11.89933944;12.51060653;13.15439708;13.81166884;14.44544549;15.05279807;15.61768966;16.12988019;16.60920728;17.05373082;17.48433792;17.90505725;17.72654155;17.3977473;16.77382561;15.95046985;15.08407085;14.22763988
106;0;3.450525745;6.492865259;8.703877198;9.893453448;10.66563553;11.27457984;11.87016058;12.46576477;13.09173138;13.73977665;14.38585771;15.02194506;15.61673263;16.14888932;16.63872682;17.08665288;17.51593675;17.93295725;17.75413725;17.4248568;16.84158332;16.04362366;15.18520812;14.32793288
107;0;3.440945356;6.478225695;8.693239166;9.895356628;10.66670174;11.25841951;11.83782589;12.41659024;13.02303134;13.66042044;14.31883844;14.98494121;15.61115178;16.164312;16.6652057;17.11671342;17.54460685;17.95773833;17.77864436;17.44893574;16.90077739;16.13215568;15.28441739;14.4276712
108;0;3.429746984;6.460767145;8.679420562;9.894915132;10.66733354;11.24340753;11.80787124;12.37106234;12.95884669;13.58572396;14.25584426;14.95094247;15.60780932;16.18190708;16.69442156;17.15054693;17.57840231;17.98915545;17.80972896;17.47946271;16.95070478;16.21549003;15.38118786;14.52670583
109;0;3.417800038;6.441737743;8.66306579;9.891456262;10.66802737;11.23272172;11.78583247;12.33716047;12.9097272;13.52781099;14.20833176;14.92910479;15.61356742;16.20743344;16.73215203;17.1947879;17.62537721;18.03696359;17.85705711;17.52591629;16.99066249;16.2930508;15.47500874;14.62488776
110;0;3.405973925;6.422385629;8.644819252;9.884307319;10.66927969;11.22953986;11.77724543;12.32286404;12.88622261;13.49880531;14.18775751;14.92858412;15.63528829;16.2466499;16.78417471;17.25607085;17.69358561;18.11091773;17.93029491;17.59777506;17.02136912;16.36426209;15.56536921;14.72200304
111;0;3.394886505;6.403610499;8.625189557;9.873072499;10.67139193;11.23603338;11.7859607;12.3337678;12.895753;13.50723673;14.20218576;14.95583262;15.67781214;16.30361234;16.85454184;17.33902741;17.78863013;18.21778713;18.03614984;17.70161649;17.04922972;16.42854802;15.65175847;14.81757795
112;0;3.384149457;6.384918294;8.604142143;9.858463579;10.67388547;11.25034805;11.80908769;12.36592783;12.93321974;13.54725918;14.24611138;15.00648737;15.73789123;16.37556463;16.94040398;17.4402779;17.90630747;18.35239822;18.16949511;17.8324136;17.08207095;16.48533268;15.73366574;14.91107383
113;0;3.373122911;6.365466516;8.581506652;9.841469232;10.67608666;11.26962329;11.84205054;12.41301559;12.99039453;13.60943263;14.31063686;15.07348164;15.81025585;16.45804763;17.0371863;17.55443979;18.03996286;18.50659172;18.32224536;17.98223829;17.1277195;16.53404019;15.81058019;15.00195201
114;0;3.361166999;6.344412666;8.557112728;9.823078129;10.67732182;11.29099849;11.88027338;12.46870252;13.05904905;13.68431706;14.38686475;15.14974872;15.8896363;16.54660222;17.14031397;17.67613053;18.18294153;18.67220835;18.48631521;18.14316245;17.19400202;16.57409464;15.88199104;15.08967384
115;0;3.347641851;6.320914246;8.530790016;9.804278945;10.67691732;11.31161304;11.91918035;12.52666007;13.130955;13.76247243;14.46589754;15.2282219;15.97076285;16.63676928;17.24521217;17.7999676;18.32858872;18.84108884;18.6536193;18.30725799;17.28636293;16.60609077;15.94738747;15.17370065
116;0;3.332024951;6.294275665;8.502369027;9.785819315;10.67428311;11.32906716;11.95494098;12.58159046;13.19925847;13.83608605;14.54039906;15.30308353;16.04929816;16.72487564;17.34810675;17.92150426;18.47140136;19.00648193;18.81746751;18.46796494;17.40071761;16.63530586;16.00625869;15.25349378
117;0;3.314263189;6.264388964;8.471683756;9.767482735;10.66916368;11.34280433;11.98670643;12.632319;13.26260308;13.9038546;14.60927822;15.37351215;16.12463431;16.81039202;17.4484264;18.04003701;18.61048327;19.16726846;18.97675072;18.62419585;17.5305992;16.6681878;16.0580939;15.32851458
118;0;3.294420809;6.231293092;8.438569064;9.748811669;10.66138712;11.35272882;12.01437328;12.67870179;13.32100686;13.96610209;14.67300525;15.43993537;16.19709575;16.89357508;17.5464005;18.15579815;18.74608995;19.3237373;19.13175509;18.77623141;17.66954083;16.7111845;16.1023823;15.39822438
119;0;3.272562054;6.195026997;8.402859813;9.729348575;10.65078151;11.35874493;12.0378381;12.72059492;13.37448783;14.02315252;14.73205038;15.50278082;16.26700693;16.97468148;17.64225842;18.26901998;18.87847692;19.47617732;19.28276675;18.9243523;17.81107562;16.77074385;16.13861308;15.46208451
120;0;3.248751169;6.155629629;8.364390866;9.708635917;10.63717496;11.36075694;12.05699746;12.75785449;13.42306402;14.07532991;14.78688383;15.56247608;16.33469229;17.05396791;17.73622954;18.3799348;19.0078997;19.62487738;19.43007185;19.06883919;17.94985591;16.85136726;16.16729622;15.51955633
121;0;3.223052394;6.113139935;8.322997085;9.686216154;10.62039556;11.35866914;12.07174791;12.79033658;13.46675346;14.12295826;14.83797581;15.61944878;16.40047627;17.13169104;17.82854324;18.48877492;19.1346138;19.77012636;19.57395654;19.20997278;18.0850108;16.94977009;16.19302487;15.57010116
122;0;3.195529975;6.067596865;8.278513333;9.661631749;10.60027141;11.35238582;12.08198605;12.81789729;13.50557415;14.16636159;14.88579654;15.67412652;16.46468333;17.20810752;17.91942891;18.59577264;19.25887475;19.91221312;19.71470694;19.34803375;18.21678858;17.06072117;16.22141295;15.61318034
123;0;3.166248155;6.019039367;8.230774471;9.634425162;10.57663059;11.34181126;12.08760843;12.84039271;13.53954414;14.20586391;14.93081626;15.7269369;16.52763791;17.28347405;18.00911591;18.70116026;19.38093804;20.05142653;19.85260922;19.48330278;18.34543757;17.17898936;16.25807439;15.64825523
124;0;3.135271176;5.967506391;8.179615363;9.604138855;10.54930121;11.32684976;12.08851162;12.85767893;13.56868144;14.24178922;14.97350517;15.77830755;16.58966445;17.35804727;18.09783362;18.80517008;19.50105921;20.18805545;19.9879495;19.61606055;18.47120606;17.29934351;16.3086231;15.67478714
125;0;3.102663282;5.913036885;8.124870871;9.570315289;10.51811135;11.30740559;12.08459219;12.86961206;13.59300407;14.27446153;15.0143335;15.82866607;16.65108741;17.43208388;18.18581143;18.9080344;19.61949376;20.32238876;20.12101394;19.74658774;18.59434236;17.41746195;16.37699649;15.69325994
126;0;3.068488716;5.855669797;8.066375856;9.532496925;10.48288912;11.28338305;12.07574671;12.87604817;13.61253007;14.30420486;15.05377147;15.87844006;16.71223122;17.50584053;18.27327871;19.00998552;19.73649721;20.45471532;20.25208868;19.87516505;18.71509475;17.53266097;16.46042586;15.70824748
127;0;3.032811722;5.795444077;8.003965182;9.490226225;10.44346261;11.25468641;12.06187176;12.87684337;13.62727744;14.33134322;15.0922893;15.92805714;16.77342034;17.57957389;18.36046484;19.11125575;19.85232507;20.58532399;20.38145985;20.00207314;18.83371156;17.64516632;16.55446602;15.72534613
128;0;2.995696542;5.732398673;7.93747371;9.443045649;10.3996599;11.22121998;12.0428639;12.87185374;13.63726423;14.35620061;15.13035722;15.97794491;16.83497921;17.65354065;18.44759919;19.21207739;19.96723287;20.71450365;20.50941362;20.12759272;18.95044106;17.75520379;16.65467174;15.75015228
129;0;2.957207421;5.666572534;7.866736304;9.390497659;10.35130911;11.18288804;12.0186197;12.86093539;13.64250844;14.37910105;15.16844543;16.02853099;16.89723227;17.72799746;18.53491116;19.31268273;20.08147612;20.84254317;20.6362361;20.25200444;19.06553158;17.86299914;16.75659782;15.78826228
130;0;2.9174086;5.598004609;7.791587825;9.332124716;10.29823832;11.13959487;11.98903572;12.84394439;13.64302811;14.40036855;15.20702417;16.08024298;16.96050398;17.80320101;18.62263011;19.41330409;20.19531033;20.9697314;20.76221346;20.37558901;19.1792314;17.96877813;16.85657706;15.84361757
131;0;2.876364325;5.526733846;7.711863135;9.267469281;10.24027562;11.09124476;11.95400855;12.82073686;13.63884125;14.42032711;15.24656366;16.13350849;17.02511877;17.87940795;18.71098542;19.51417376;20.30899102;21.09635723;20.88763183;20.49862711;19.29178884;18.07276654;16.95405432;15.91353977
132;0;2.834138837;5.452799194;7.627397098;9.196073816;10.17724911;11.03774199;11.91343475;12.79116887;13.6299659;14.43930075;15.28753411;16.18875513;17.0914011;17.95687497;18.80020648;19.61552404;20.4227737;21.22270951;21.01277736;20.62139941;19.40345218;18.17519013;17.04925248;15.99369557
133;0;2.79079638;5.376239602;7.538024575;9.117480782;10.10898689;10.97899087;11.86721088;12.75509652;13.61642007;14.45761347;15.33040575;16.24641051;17.15967542;18.03585872;18.89052265;19.71758724;20.53691389;21.34907711;21.13793618;20.7441866;19.51446974;18.27627467;17.14239443;16.07975166
134;0;2.746401198;5.297094019;7.443580428;9.03123264;10.03531705;10.91489566;11.81523352;12.7123759;13.59822179;14.47558929;15.3756488;16.30690224;17.23026616;18.11661589;18.98216333;19.82059566;20.65166711;21.47574891;21.26339445;20.86726936;19.6250898;18.37624593;17.23370304;16.16737472
135;0;2.701017534;5.215401394;7.343899521;8.936871851;9.956067678;10.84536066;11.75739924;12.66286311;13.57538908;14.49355222;15.42373348;16.37065793;17.30349777;18.19940314;19.07535788;19.9247816;20.76728886;21.60301377;21.3894383;20.99092838;19.73556068;18.47532968;17.32340119;16.25299522
136;0;2.65470963;5.131200674;7.238816715;8.833940877;9.871066879;10.77029016;11.69360461;12.60641424;13.54793997;14.51182626;15.47513;16.43810519;17.3796947;18.28447715;19.17033568;20.03037735;20.88403468;21.73116055;21.51635389;21.11544433;19.84613068;18.57375168;17.41171175;16.33609882
137;0;2.607412563;5.044369006;7.128165502;8.722274315;9.780271309;10.68962413;11.62369427;12.54280782;13.515518;14.5298964;15.52928268;16.50876644;17.45849765;18.37157811;19.26691393;20.13726034;21.00183091;21.86015896;21.64411144;21.24078779;19.95704809;18.67173771;17.49885762;16.41693492
138;0;2.558544737;4.954136323;7.011773886;8.602875307;9.684151887;10.60344523;11.54730519;12.47151211;13.47626886;14.54389147;15.58153212;16.5785434;17.53681237;18.45838037;19.36326101;20.24388837;21.11928731;21.98870206;21.77141762;21.36568884;20.06856121;18.76951353;17.58506167;16.49575297
139;0;2.507395387;4.859570752;6.889468502;8.477039133;9.583308096;10.51187184;11.46402243;12.39191781;13.42796372;14.5491013;15.626193;16.64243259;17.61086083;18.54204179;19.45713315;20.34836438;21.23468449;22.11516374;21.89666317;21.48856744;20.18091835;18.86730491;17.67054677;16.57280239
140;0;2.453253749;4.759740424;6.761075983;8.346061072;9.478339421;10.41502231;11.37343104;12.30341562;13.3683738;14.5408157;15.65758003;16.69543057;17.67686502;18.61972025;19.54628654;20.44879129;21.34630302;22.2379179;22.01823884;21.60784356;20.29436782;18.96533762;17.75553581;16.64833261
141;0;2.39540906;4.653713467;6.626422962;8.211236403;9.369845345;10.313015;11.27511605;12.20539625;13.29527028;14.51432447;15.67000789;16.73253384;17.73104695;18.68857361;19.62847741;20.54327202;21.45242353;22.35533843;22.13453539;21.72193717;20.40883804;19.06383743;17.84025167;16.72259306
142;0;2.333150556;4.540558011;6.485336075;8.073860404;9.258425353;10.20596828;11.16866253;12.0972504;13.20642436;14.46491744;15.65779128;16.74873896;17.7696286;18.74575974;19.70146195;20.62990951;21.55132659;22.46579921;22.24394356;21.82926823;20.52297803;19.1630301;17.92491722;16.79583317
143;0;2.265767473;4.419342185;6.337641955;7.935228356;9.144678927;10.09400049;11.05365552;11.97836876;13.09960725;14.38788442;15.61524487;16.73904244;17.78883197;18.78843652;19.76299637;20.70680669;21.64129282;22.56767415;22.3448541;21.92825672;20.63511692;19.26314141;18.00975534;16.86830237
144;0;2.192549047;4.289134117;6.183167234;7.796635535;9.029205553;9.977230013;10.92968006;11.84814203;12.97259013;14.27851521;15.53668337;16.69844083;17.78487903;18.81376182;19.81083688;20.77206647;21.7206028;22.65933714;22.43565777;22.01732259;20.74358388;19.36439711;18.09498892;16.94025008
145;0;2.112784514;4.149001937;6.021738549;7.659377223;8.912604714;9.855775194;10.79632122;11.70596092;12.8231442;14.13209964;15.41642147;16.62193066;17.75399179;18.81889349;19.8427397;20.82379178;21.78753715;22.73916208;22.51474531;22.09488582;20.84670804;19.46702299;18.18084084;17.01192574
146;0;2.026810184;3.999511686;5.853937513;7.523818205;8.795124128;9.729841059;10.65374286;11.55209674;12.6507257;13.946627;15.25151915;16.50639295;17.69327845;18.80130312;19.85661856;20.86039909;21.84105443;22.80666982;22.58164554;22.16048084;20.94281855;19.57089989;18.26753396;17.08357877
147;0;1.939150661;3.847221052;5.683365673;7.386601302;8.675604449;9.599979283;10.50442418;11.39034332;12.46153097;13.73088459;15.05001766;16.35624676;17.60339202;18.75971699;19.85101732;20.881559;21.88282515;22.86596911;22.64043952;22.21809998;21.03024455;19.67452901;18.35529118;17.15545861
148;0;1.855377621;3.700185635;5.514379554;7.243438839;8.552534569;9.466828201;10.35142319;11.22537507;12.26344139;13.49635919;14.82270352;16.17779562;17.48587176;18.69317513;19.82463738;20.88725568;21.9151978;22.92231567;22.69634639;22.27285006;21.10731519;19.77606663;18.44433537;17.22781468
149;0;1.781062742;3.566461033;5.351335685;7.090043144;8.424403374;9.33102615;10.19779793;11.06186644;12.06433834;13.25453756;14.58036328;15.97734309;17.34225689;18.60071752;19.77618012;20.87747325;21.94052087;22.98096522;22.75458529;22.32983787;21.17235963;19.87366903;18.5348894;17.30089641
150;0;1.721777702;3.454102847;5.198590592;6.922126544;8.289699755;9.193211467;10.0466064;10.90449185;11.8721032;13.0169065;14.33378348;15.76119271;17.17408664;18.48138417;19.70434695;20.85219588;21.96114285;23.04717347;22.82037534;22.39417022;21.22436583;19.9654925;18.62717617;17.37495323
151;0;1.681188862;3.368529773;5.059481513;6.73771217;8.147510218;9.053967782;9.90028403;10.75690549;11.69310675;12.7929355;14.09210505;15.53504765;16.983186;18.33463381;19.60770225;20.8101983;21.97678524;23.12197837;22.89475159;22.46685565;21.26495714;20.04969331;18.72101803;17.45023457
152;0;1.655341326;3.30461289;4.933268524;6.544066372;7.999311734;8.913659894;9.758775852;10.61868058;11.52767736;12.58402505;13.85788652;15.30220964;16.77252286;18.16160015;19.48426248;20.74541766;21.97666161;23.18954679;22.96201275;22.53250963;21.29641575;20.12442775;18.81463528;17.52698985
153;0;1.638374881;3.254586375;4.818192416;6.350766304;7.847178892;8.772597894;9.621404293;10.48837008;11.37463281;12.38955833;13.63204082;15.06538003;16.54535087;17.96383559;19.33190708;20.65058167;21.94735854;23.22982783;23.00227346;22.57164938;21.32102381;20.1878521;18.90584771;17.60546851
154;0;1.624429314;3.210684403;4.712493974;6.167389118;7.693186281;8.631091876;9.487491785;10.36452696;11.23279088;12.20891855;13.41548089;14.82726019;16.30492366;17.74289258;19.14851551;20.51841807;21.87546263;23.2227706;22.99564833;22.5647921;21.34106352;20.23812263;18.99247509;17.68591998
155;0;1.607644414;3.165141151;4.614413989;6.003511969;7.539408489;8.489451931;9.356360757;10.24570418;11.10096932;12.0414889;13.20911964;14.59055146;16.05449488;17.50032353;18.93196721;20.34165458;21.74756046;23.1483242;22.92225201;22.49245502;21.35626424;20.27370036;19.07233721;17.76859369
156;0;1.583521805;3.111958085;4.522452775;5.8662866;7.387823828;8.348241759;9.227648773;10.13080754;10.97810293;11.88659802;13.01370925;14.35785046;15.797585;17.2387296;18.6823215;20.11659091;21.55537846;22.99323331;22.76893525;22.34175837;21.3561441;20.29426516;19.14325386;17.85323716
157;0;1.553010459;3.052205826;4.436148761;5.753163118;7.240025498;8.209039485;9.102253927;10.02015406;10.86359448;11.7433563;12.82935876;14.13133481;15.53878194;16.96490674;18.40835708;19.85381461;21.31120236;22.77142493;22.5494934;22.12623456;21.32766842;20.29980161;19.2030448;17.93759035
158;0;1.518421184;2.988722289;4.355299902;5.659166219;7.097510424;8.073676843;8.981389445;9.914413588;10.75696376;11.61081956;12.65601649;13.91307739;15.28294044;16.68669967;18.12103254;19.56748523;21.03245776;22.50362165;22.2844579;21.86601904;21.25780251;20.29029432;19.24952984;18.01889133
159;0;1.482064789;2.924345387;4.279704156;5.579320599;6.961775529;7.943985564;8.866268554;9.814255976;10.65773056;11.48804362;12.49363071;13.70515108;15.03491525;16.41195306;17.83130644;19.2717623;20.73657024;22.21054605;21.99436025;21.58124724;21.1335117;20.26572787;19.28052874;18.09437814
160;0;1.446252083;2.861913031;4.209159477;5.508650955;6.834317737;7.821797383;8.758104482;9.720351071;10.56541465;11.37408431;12.34214973;13.50962875;14.79956112;16.14851161;17.55013736;18.98080535;20.44096538;21.91292071;21.6997319;21.29205462;20.94675601;20.22491148;19.29401437;18.16128885
161;0;1.412884951;2.803750296;4.143457087;5.442976196;6.716303034;7.708560953;8.657840166;9.633199391;10.47956221;11.26808921;12.20144001;13.32811717;14.58077763;15.90275298;17.28649482;18.70625629;20.16001693;21.62787967;21.41754908;21.01508975;20.7094743;20.16195279;19.28857183;18.21686152
162;0;1.38222959;2.750130897;4.08236127;5.381292076;6.607573657;7.604192611;8.565337393;9.552624137;10.39982501;11.16957295;12.07104073;13.16035861;14.37864366;15.67518671;17.04139209;18.44968647;19.89589132;21.35820284;21.150567;20.75305376;20.43860013;20.06978406;19.26293932;18.25833421
163;0;1.354143277;2.700815712;4.025629574;5.323388561;6.507640904;7.508225615;8.48018766;9.478279182;10.32588118;11.07814189;11.95040922;13.00562922;14.19228292;15.46485531;16.8138534;18.21014961;19.64770312;21.10308157;20.89798562;20.50516092;20.15106708;19.94133756;19.21585502;18.28294496
164;0;1.328483286;2.655565619;3.973019548;5.269055618;6.416016074;7.420193226;8.401982466;9.409818399;10.25740887;10.99340241;11.83900284;12.86320516;14.02081912;15.27080128;16.60290296;17.98669945;19.41456693;20.86170721;20.6590049;20.27062551;19.86380871;19.76954555;19.14605712;18.28793186
165;0;1.305106893;2.614141493;3.924288742;5.218083213;6.332210465;7.3396287;8.330313307;9.346895659;10.19408623;10.9149609;11.73627893;12.7323626;13.86337596;15.09206713;16.407565;17.7783897;19.19559734;20.63327113;20.43282481;20.04866178;19.59079292;19.55081179;19.05215069;18.27083778
166;0;1.283871372;2.576304212;3.879194703;5.170261313;6.255735377;7.266065296;8.264771681;9.289164834;10.1355914;10.84242373;11.64169484;12.61237768;13.71907717;14.92769536;16.22686373;17.58427409;18.98990892;20.41696468;20.21864529;19.83848402;19.33412497;19.29542608;18.93220838;18.23042498
167;0;1.264633999;2.541814652;3.83749498;5.125379884;6.186102107;7.199036273;8.204949087;9.236279798;10.08160253;10.77539727;11.55470791;12.50252656;13.58704645;14.77672849;16.05982337;17.40340634;18.79661628;20.21197923;20.01566632;19.63930648;19.09294444;19.01714971;18.78416972;18.16576054
168;0;1.247252049;2.510433692;3.798947123;5.083228891;6.122821955;7.13807489;8.150437022;9.187894422;10.03179776;10.71348791;11.47477548;12.40208541;13.4664075;14.63820903;15.90546816;17.23484018;18.614834;20.01750612;19.82308786;19.45034345;18.86639092;18.72974399;18.60597424;18.07591156
169;0;1.231582797;2.481922208;3.763308681;5.043598303;6.065406218;7.082714405;8.100826984;9.143662578;9.985855242;10.65630202;11.40135491;12.31033038;13.35628403;14.51117947;15.7628223;17.07762933;18.44367667;19.83273672;19.64010986;19.27080918;18.653604;18.4469702;18.39556148;17.95994511
170;0;1.217483518;2.456041076;3.730337201;5.006278084;6.013366197;7.032488076;8.055710471;9.10323814;9.94345312;10.60344598;11.33390354;12.22653761;13.25579977;14.39468234;15.63091001;16.93082752;18.28225887;19.65686238;19.46593229;19.09991795;18.45372326;18.18014283;18.15298905;17.81733522
171;0;1.204811487;2.432551174;3.699790233;4.971058202;5.966213189;6.986929162;8.01467898;9.066274978;9.904269539;10.55452616;11.27187871;12.14998328;13.16407841;14.28776012;15.50875552;16.79348846;18.12969519;19.48907447;19.29975511;18.93688403;18.2658883;17.93078904;17.88678696;17.64918357
172;0;1.19342398;2.41121338;3.671425326;4.937728622;5.923458493;6.945570921;7.977324009;9.032426966;9.867982645;10.50914895;11.21473776;12.07994354;13.08024366;14.18945534;15.39538305;16.66466589;17.98510022;19.32856434;19.14077828;18.78092168;18.08923869;17.69798915;17.60760328;17.4569988
173;0;1.183178272;2.391788569;3.645000028;4.906079312;5.884613407;6.907946612;7.943237056;9.001347976;9.834270584;10.46692072;11.16193806;12.01569454;13.00341924;14.0988105;15.28981682;16.54341353;17.84758855;19.17452334;18.98820177;18.63124518;17.92291403;17.48082353;17.32608609;17.24228954
174;0;1.173931638;2.374037619;3.620271889;4.875900237;5.849189231;6.873589494;7.912009619;8.97269188;9.802811503;10.42744785;11.11293693;11.95651245;12.93272886;14.01486811;15.19108105;16.42878509;17.71627477;19.02614284;18.84122552;18.48706879;17.76605391;17.27837249;17.05288347;17.00656441
175;0;1.165541352;2.357721407;3.596998457;4.846981363;5.816697263;6.842032825;7.883233195;8.94611255;9.773283546;10.39033671;11.06719174;11.90167341;12.86729621;13.93667068;15.09819995;16.31983432;17.59027346;18.88261419;18.69904951;18.34760679;17.61779792;17.08971638;16.7967108;16.75235115
176;0;1.157864691;2.34260081;3.57493728;4.819112658;5.786648802;6.812809863;7.856499282;8.921263858;9.74536486;10.35519369;11.02415981;11.85045359;12.80624502;13.8632607;15.01019775;16.21561492;17.46869921;18.74312875;18.56087369;18.21207344;17.47728563;16.91393554;16.55855265;16.48625402
177;0;1.150758929;2.328436705;3.553845909;4.792084088;5.758555146;6.785453867;7.831399378;8.897799678;9.71873359;10.32162515;10.9832985;11.80212914;12.74869899;13.7936807;14.92609867;16.11518063;17.35066661;18.60687789;18.42589803;18.07968301;17.34365664;16.7501103;16.33746089;16.21589635
178;0;1.144081342;2.314989969;3.533481891;4.765685618;5.731927594;6.759498096;7.807524981;8.87537388;9.693067884;10.28923749;10.94406516;11.75597622;12.69378184;13.72697317;14.84492693;16.01758516;17.23529024;18.47305294;18.29332248;17.94964978;17.21605054;16.59732101;16.13248738;15.94890153
179;0;1.137689205;2.302021479;3.513602775;4.739707216;5.706277445;6.734475808;7.784467589;8.853640338;9.668045885;10.25763707;10.90591712;11.71127099;12.64061726;13.66218063;14.76570675;15.92188225;17.1216847;18.34084529;18.16234701;17.821188;17.09360691;16.45464799;15.94268399;15.69289289
180;0;1.131439792;2.289292112;3.493966111;4.713938847;5.681115997;6.709920261;7.761818698;8.832252924;9.64334574;10.22643027;10.86831174;11.6672896;12.58832897;13.59834558;14.68746235;15.82712561;17.00896457;18.20944627;18.03217158;17.69351196;16.97546535;16.3211716;15.76710259;15.45406817
